
{
	"LeNet" : {
		"weight_regularization" : {

			"l1" : {
				"amount, %" : [99.5, 99.25, 99, 98.5, 98, 95, 90, 85, 80, 70],
				"mean_accuracy" : [0.7507, 0.7822, 0.8246, 0.8511, 0.8882, 0.9110, 0.9201, 0.9282, 0.9272, 0.9281],
				"std_accuracy" : [0.022, 0.021, 0.017, 0.025, 0.015, 0.007, 0.007, 0.005, 0.006, 0.005]
			},

			"l1_s" : {
				"amount, %" : [99.7, 99.5, 99.25, 99, 98.5, 98, 95, 90, 85, 80, 70],
				"mean_accuracy" : [0.7491, 0.7867, 0.8522, 0.8705, 0.8975, 0.9155, 0.9209, 0.9271, 0.9252, 0.9279, 0.9275],
				"std_accuracy" : [0.012, 0.022, 0.017, 0.022, 0.018, 0.012, 0.013, 0.007, 0.011, 0.007, 0.005]
			},

			"l2" : {
				"amount, %" : [99.5, 99.25, 99, 98.5, 98, 95, 90, 85, 80, 70],
				"mean_accuracy" : [0.6210, 0.6910, 0.7246, 0.7511, 0.8082, 0.8310, 0.9012, 0.9098, 0.9106, 0.9201],
				"std_accuracy" : [0.025, 0.022, 0.021, 0.025, 0.017, 0.015, 0.020, 0.009, 0.016, 0.025]
			},

			"l2_s" : {
				"amount, %" : [99.7, 99.5, 99.25, 99, 98.5, 98, 95, 90, 85, 80, 70],
				"mean_accuracy" : [0.7210, 0.7511, 0.7844, 0.8012, 0.8582, 0.8910, 0.9110, 0.9151, 0.9208, 0.9205, 0.9271],
				"std_accuracy" : [0.020, 0.017, 0.027, 0.016, 0.012, 0.017, 0.015, 0.012, 0.015, 0.008, 0.005]
			}


		},

		"taylor_pruning" : {

			"optimal_brain_damage" : {
				"amount, %" : [63.80239896, 66.22225937, 68.74869394, 71.49245622, 74.58310695,
	       77.5901701 , 80.69753835, 83.87804572, 86.84122539, 89.50557947,
	       91.92335019, 94.20947047, 95.89793957, 97.23116145, 98.24675053],
				"mean_accuracy" : [0.9281, 0.9272, 0.9268, 0.9276, 0.9281,
				 0.9250, 0.9220, 0.9212, 0.9151, 0.9048,
				 0.9059, 0.9023, 0.8694, 0.8242, 0.7287],
				"std_accuracy" : [0.009, 0.005, 0.007, 0.007, 0.011,
					0.009, 0.015, 0.009, 0.012, 0.011,
					0.015, 0.017, 0.015, 0.018, 0.022]
			}

		}


	},
	"ResNet" :{
		"weight_regularization" : {

			"l1" : {
				"amount, %" : [30, 50, 70, 80, 90, 95, 97, 99, 99.5, 99.9],
				"accuracy" : [0.9187, 0.9125, 0.9075, 0.9068, 0.9006, 0.8867, 0.8340, 0.7730, 0.7090, 0.46850]
			},

			"l1_s" : {
				"amount, %" : [30, 50, 70, 80, 90, 95, 97, 99, 99.5, 99.9],
				"accuracy" : [0.9198, 0.9135, 0.9089, 0.9082, 0.9044, 0.9007, 0.8975, 0.8630, 0.83160, 0.59960]
			}
		},
		"optimal_brain_damage" : {
			"amount, %" : [71.49245622, 80.69753835, 89.50557947, 95.89793957, 97.23116145, 98.24675053, 99.1056123, 99.5757125],
			"accuracy" : [0.9081, 0.9071, 0.9025, 0.8967, 0.8845, 0.8425, 0.7812, 0.6598]
		}
	}



}