{
	"weight_regularization" : {

		"l1" : {
			"amount, %" : [99.5, 99.25, 99, 98.5, 98, 95, 90, 85, 80, 70],
			"mean_accuracy" : [0.751, 0.782, 0.825, 0.851, 0.889, 0.911, 0.919, 0.921, 0.918, 0.919],
			"std_accuracy" : [0.022, 0.021, 0.017, 0.025, 0.015, 0.007, 0.007, 0.005, 0.006, 0.005]
		},

		"l1_s" : {
			"amount, %" : [99.7, 99.5, 99.25, 99, 98.5, 98, 95, 90, 85, 80, 70],
			"mean_accuracy" : [0.749, 0.787, 0.852, 0.871, 0.897, 0.915, 0.921, 0.917, 0.922, 0.925, 0.924],
			"std_accuracy" : [0.012, 0.022, 0.017, 0.022, 0.018, 0.012, 0.013, 0.007, 0.011, 0.007, 0.005]
		},

		"l2_norm" : {
			"amount" : [99.5, 99, 98.5, 98, 96.5, 95, 92.5, 90, 85, 80, 70, 60],
			"accuracy_train" : [0.96827, 0.95567, 0.97545, 0.98082, 0.98263, 0.98197, 0.98207, 0.98382],
			"accuracy_val" : [0.89510, 0.8745, 0.90280, 0.91639, 0.90270, 0.90960, 0.91010, 0.9070],
			"time" : []
		},

		"l2_s_norm" : {
			"amount" : [99.9, 99.7, 99.3, 99, 98, 95, 92.5, 90, 85, 80, 70],
			"accuracy_train" : [0.84759, 0.89537, 0.90682, 0.96827, 0.95567, 0.97545, 0.98082, 0.98263, 0.98197, 0.98207, 0.98382],
			"accuracy_val" : [0.7265, 0.79090, 0.7919, 0.89510, 0.8745, 0.90280, 0.91639, 0.90270, 0.90960, 0.91010, 0.9070],
			"time" : []
		}


	}


}